{
  "strategy": "ser_lr",
  "classes": [
    "triple",
    "v3_union"
  ],
  "weights": [
    [
      0.14718573117140968,
      -0.13727572728124582,
      -0.15739168999602166,
      0.30287018105770513,
      -0.49344304264404587,
      1.111891207029874,
      -1.3150162708890998,
      0.22642610777580313,
      0.0
    ]
  ],
  "bias": [
    0.9026391518009647
  ],
  "confidence_threshold": 0.65,
  "default_expert": "triple",
  "max_switch_rate": 0.1
}